id,predicted_probability,band
2809,0.5821,borderline
2231,0.4988,borderline
3522,0.4119,borderline
3291,0.0109,needs development
3424,0.0004,needs development
3757,0.0877,needs development
2544,0.8596,likely high
3482,0.1643,needs development
3702,0.7092,likely high
3312,0.1677,needs development
3944,0.7941,likely high
2668,0.2459,needs development
2386,0.8624,likely high
2622,0.9032,likely high
3398,0.9484,likely high
3043,0.6894,borderline
2292,0.4681,borderline
3101,0.6918,borderline
3861,0.8697,likely high
2381,0.825,likely high
3176,0.117,needs development
3060,0.1272,needs development
2518,0.0136,needs development
3876,0.5464,borderline
2511,0.939,likely high
2180,0.9236,likely high
3819,0.0044,needs development
3788,0.1696,needs development
3608,0.3667,needs development
3291,0.9021,likely high
2845,0.3531,needs development
3400,0.1444,needs development
2963,0.6044,borderline
2627,0.4889,borderline
3742,0.4419,borderline
2651,0.0112,needs development
2931,0.0004,needs development
2132,0.0877,needs development
3287,0.8793,likely high
2530,0.1076,needs development
2812,0.7015,likely high
3781,0.1713,needs development
3160,0.8328,likely high
2189,0.2741,needs development
2088,0.8738,likely high
2261,0.904,likely high
3418,0.9469,likely high
3530,0.6377,borderline
2711,0.4036,borderline
2355,0.6939,borderline
3150,0.8695,likely high
2171,0.8131,likely high
3408,0.0607,needs development
3407,0.0757,needs development
2681,0.0139,needs development
2136,0.5385,borderline
2053,0.9401,likely high
2529,0.9412,likely high
2223,0.0042,needs development
3807,0.8945,likely high
4000,0.793,likely high
2620,0.4457,borderline
2962,0.3086,needs development
2212,0.0177,needs development
3326,0.2391,needs development
3768,0.6673,borderline
2635,0.8808,likely high
3695,0.8355,likely high
2275,0.8444,likely high
3504,0.8461,likely high
2536,0.829,likely high
2906,0.8648,likely high
2759,0.8114,likely high
2045,0.9327,likely high
2161,0.7197,likely high
3032,0.9362,likely high
3679,0.8632,likely high
3106,0.1902,needs development
3281,0.8786,likely high
2094,0.4099,borderline
2276,0.1013,needs development
2966,0.9301,likely high
3773,0.9527,likely high
3855,0.0239,needs development
2405,0.3757,needs development
2925,0.0004,needs development
2981,0.7688,likely high
2991,0.239,needs development
2667,0.1964,needs development
3841,0.9118,likely high
2310,0.9005,likely high
2725,0.1035,needs development
2630,0.956,likely high
2487,0.9115,likely high
2577,0.9613,likely high
3476,0.0257,needs development
3440,0.9264,likely high
3618,0.8242,likely high
3818,0.6801,borderline
2941,0.1006,needs development
2035,0.063,needs development
2223,0.016,needs development
3910,0.6722,borderline
3357,0.0013,needs development
2164,0.0452,needs development
3464,0.0175,needs development
3341,0.8805,likely high
3034,0.091,needs development
2946,0.148,needs development
2304,0.6035,borderline
3759,0.7457,likely high
3385,0.9003,likely high
2615,0.2919,needs development
2361,0.5581,borderline
3405,0.9319,likely high
2704,0.1064,needs development
3872,0.8962,likely high
2168,0.2364,needs development
3923,0.0288,needs development
3065,0.01,needs development
2127,0.8674,likely high
2032,0.8319,likely high
2324,0.9042,likely high
3330,0.0021,needs development
2155,0.7257,likely high
2007,0.5943,borderline
2354,0.8845,likely high
3265,0.9409,likely high
3546,0.1523,needs development
3774,0.915,likely high
3771,0.3915,needs development
3381,0.395,needs development
2084,0.9089,likely high
3980,0.9174,likely high
2420,0.021,needs development
3164,0.8942,likely high
2010,0.4888,borderline
2097,0.641,borderline
3497,0.5197,borderline
